﻿<Event ID="Christmas" Active="7 Dec 2010-5 Jan 2011">
	<Droplist> 
      <AllDrop Items="5556" Count="1,1" Chance="5%" />
    </Droplist> 
	<Droplist> 
      <AllDrop Items="5557" Count="1,1" Chance="5%" />
    </Droplist>
	<Droplist> 
      <AllDrop Items="5558" Count="1,1" Chance="8%" />
    </Droplist>
	<Droplist> 
      <AllDrop Items="5559" Count="1,1" Chance="3%" />
    </Droplist>
	<Droplist> 
      <AllDrop Items="5562" Count="1,1" Chance="1%" />
    </Droplist>
	<Droplist> 
      <AllDrop Items="5563" Count="1,1" Chance="1%" />
    </Droplist>
	<Droplist> 
      <AllDrop Items="5564" Count="1,1" Chance="1%" />
    </Droplist>
	<Droplist> 
      <AllDrop Items="5565" Count="1,1" Chance="1%" />
    </Droplist>
	<Droplist> 
      <AllDrop Items="5566" Count="1,1" Chance="1%" />
    </Droplist>
	<Droplist> 
      <AllDrop Items="6406" Count="1,1" Chance="1%" />
    </Droplist>
	<Droplist> 
      <AllDrop Items="6407" Count="1,1" Chance="1%" />
    </Droplist>
	<Message Type="OnJoin" Msg="Christmas Event:\nAll the mobs on server have a chance of dropping Christmas tree parts and Holiday carol Echo Crystals.  See the Santa's Helpers in every town for more informations or to trade your Christmas tree parts!"></Message>
</Event>