<Event ID="Squish your squash" Active="01 Jun 2010-30 Jun 2010"> 
   <Droplist> 
	<AllDrop Items="6391"
		Count="1,5"
		Chance="14%">
	</AllDrop>
   </Droplist> 
   <Message 
		Type="OnJoin"
		Msg="Fall Harvest Event:\n It's time to gather Nectar and smash some squash to reap this Season fall harvest!\n(Event Item.. All monster's have a chance to drop.)">
	</Message>
   <EventEnd> 
      <Take From="AllPlayers"> 
           <Item ItemID="6391"></Item>
        </Take>
     </EventEnd> 
</Event>